Classifier,Mean Accuracy,95% Confidence Interval
KNeighborsClassifier,0.8699999999999999,0.13564659966250536
DecisionTreeClassifier,0.7694736842105263,0.1940271563367403
RandomForestClassifier,0.8489473684210527,0.08715891176625029
SVC,0.8800000000000001,0.16248076809271922
GaussianNB,0.708421052631579,0.16694750116142593
XGBClassifier,0.8894736842105264,0.09670470802404922
GradientBoostingClassifier,0.8589473684210527,0.07266970776460296
